"Pais","Fecha","Infectados","Muertos","NI","NM","Letalidad","IDA","MDA","FCI","FCM","Dia"
"Mexico",2020-02-28,1,0,1,0,0,NA,NA,NA,NA,1
"Mexico",2020-02-29,4,0,3,0,0,1,0,4,NA,2
"Mexico",2020-03-01,5,0,1,0,0,4,0,1.25,NA,3
"Mexico",2020-03-02,5,0,0,0,0,5,0,1,NA,4
"Mexico",2020-03-03,5,0,0,0,0,5,0,1,NA,5
"Mexico",2020-03-04,5,0,0,0,0,5,0,1,NA,6
"Mexico",2020-03-05,5,0,0,0,0,5,0,1,NA,7
"Mexico",2020-03-06,6,0,1,0,0,5,0,1.2,NA,8
"Mexico",2020-03-07,6,0,0,0,0,6,0,1,NA,9
"Mexico",2020-03-08,7,0,1,0,0,6,0,1.16666666666667,NA,10
"Mexico",2020-03-09,7,0,0,0,0,7,0,1,NA,11
"Mexico",2020-03-10,7,0,0,0,0,7,0,1,NA,12
"Mexico",2020-03-11,8,0,1,0,0,7,0,1.14285714285714,NA,13
"Mexico",2020-03-12,12,0,4,0,0,8,0,1.5,NA,14
"Mexico",2020-03-13,26,0,14,0,0,12,0,2.16666666666667,NA,15
"Mexico",2020-03-14,41,0,15,0,0,26,0,1.57692307692308,NA,16
"Mexico",2020-03-15,53,0,12,0,0,41,0,1.29268292682927,NA,17
"Mexico",2020-03-16,82,0,29,0,0,53,0,1.54716981132075,NA,18
"Mexico",2020-03-17,93,0,11,0,0,82,0,1.13414634146341,NA,19
"Mexico",2020-03-18,118,0,25,0,0,93,0,1.26881720430108,NA,20
"Mexico",2020-03-19,164,1,46,1,0.6,118,0,1.38983050847458,Inf,21
"Mexico",2020-03-20,203,2,39,1,1,164,1,1.23780487804878,2,22
"Mexico",2020-03-21,251,2,48,0,0.8,203,2,1.23645320197044,1,23
"Mexico",2020-03-22,316,3,65,1,0.9,251,2,1.25896414342629,1.5,24
"Mexico",2020-03-23,367,4,51,1,1.1,316,3,1.16139240506329,1.33333333333333,25
"Mexico",2020-03-24,405,5,38,1,1.2,367,4,1.10354223433243,1.25,26
"Mexico",2020-03-25,475,6,70,1,1.3,405,5,1.17283950617284,1.2,27
"Mexico",2020-03-26,585,8,110,2,1.4,475,6,1.23157894736842,1.33333333333333,28
"Mexico",2020-03-27,717,12,132,4,1.7,585,8,1.22564102564103,1.5,29
"Mexico",2020-03-28,848,16,131,4,1.9,717,12,1.18270571827057,1.33333333333333,30
"Mexico",2020-03-29,993,20,145,4,2,848,16,1.17099056603774,1.25,31
"Mexico",2020-03-30,1094,28,101,8,2.6,993,20,1.10171198388721,1.4,32
"Mexico",2020-03-31,1215,29,121,1,2.4,1094,28,1.11060329067642,1.03571428571429,33
"Mexico",2020-04-01,1378,37,163,8,2.7,1215,29,1.13415637860082,1.27586206896552,34
"Mexico",2020-04-02,1510,50,132,13,3.3,1378,37,1.09579100145138,1.35135135135135,35
"Mexico",2020-04-03,1688,60,178,10,3.6,1510,50,1.11788079470199,1.2,36
"Mexico",2020-04-04,1890,79,202,19,4.2,1688,60,1.1196682464455,1.31666666666667,37
"Mexico",2020-04-05,2143,94,253,15,4.4,1890,79,1.13386243386243,1.18987341772152,38
"Mexico",2020-04-06,2439,125,296,31,5.1,2143,94,1.13812412505833,1.32978723404255,39
"Mexico",2020-04-07,2785,141,346,16,5.1,2439,125,1.14186141861419,1.128,40
"Mexico",2020-04-08,3181,174,396,33,5.5,2785,141,1.14219030520646,1.23404255319149,41
"Mexico",2020-04-09,3441,194,260,20,5.6,3181,174,1.08173530336372,1.11494252873563,42
"Mexico",2020-04-10,3844,233,403,39,6.1,3441,194,1.11711711711712,1.20103092783505,43
"Mexico",2020-04-11,4219,273,375,40,6.5,3844,233,1.09755463059313,1.17167381974249,44
"Mexico",2020-04-12,4661,296,442,23,6.4,4219,273,1.10476416212373,1.08424908424908,45
"Mexico",2020-04-13,5014,332,353,36,6.6,4661,296,1.07573482085389,1.12162162162162,46
"Mexico",2020-04-14,5399,406,385,74,7.5,5014,332,1.07678500199442,1.22289156626506,47
"Mexico",2020-04-15,5847,449,448,43,7.7,5399,406,1.08297832932024,1.10591133004926,48
"Mexico",2020-04-16,6297,486,450,37,7.7,5847,449,1.07696254489482,1.08240534521158,49
"Mexico",2020-04-17,6875,546,578,60,7.9,6297,486,1.09178974114658,1.12345679012346,50
"Mexico",2020-04-18,7497,650,622,104,8.7,6875,546,1.09047272727273,1.19047619047619,51
"Mexico",2020-04-19,8261,686,764,36,8.3,7497,650,1.10190742963852,1.05538461538462,52
"Mexico",2020-04-20,8772,712,511,26,8.1,8261,686,1.06185691804866,1.03790087463557,53
"Mexico",2020-04-21,9501,857,729,145,9,8772,712,1.08310533515732,1.20365168539326,54
"Mexico",2020-04-22,10544,970,1043,113,9.2,9501,857,1.10977791811388,1.1318553092182,55
"Mexico",2020-04-23,11633,1069,1089,99,9.2,10544,970,1.10328148710167,1.1020618556701,56
"Mexico",2020-04-24,12872,1221,1239,152,9.5,11633,1069,1.1065073497808,1.1421889616464,57
"Mexico",2020-04-25,13842,1305,970,84,9.4,12872,1221,1.07535736482287,1.06879606879607,58
"Mexico",2020-04-26,14677,1351,835,46,9.2,13842,1305,1.06032365265135,1.03524904214559,59
"Mexico",2020-04-27,15529,1434,852,83,9.2,14677,1351,1.05805001022007,1.06143597335307,60
"Mexico",2020-04-28,16752,1569,1223,135,9.4,15529,1434,1.07875587610278,1.09414225941423,61
"Mexico",2020-04-29,17799,1732,1047,163,9.7,16752,1569,1.0625,1.10388782664117,62
"Mexico",2020-04-30,19224,1859,1425,127,9.7,17799,1732,1.08006067756616,1.07332563510393,63
"Mexico",2020-05-01,20739,1972,1515,113,9.5,19224,1859,1.07880774032459,1.06078536847768,64
"Mexico",2020-05-02,22088,2061,1349,89,9.3,20739,1972,1.06504653069097,1.04513184584179,65
"Mexico",2020-05-03,23471,2154,1383,93,9.2,22088,2061,1.06261318362912,1.04512372634643,66
"Mexico",2020-05-04,24905,2271,1434,117,9.1,23471,2154,1.06109667248946,1.05431754874652,67
"Mexico",2020-05-05,26025,2507,1120,236,9.6,24905,2271,1.04497088937964,1.1039189784236,68
"Mexico",2020-05-06,27634,2704,1609,197,9.8,26025,2507,1.06182516810759,1.07857997606701,69
"Mexico",2020-05-07,29616,2961,1982,257,10,27634,2704,1.07172323948759,1.09504437869822,70
"Mexico",2020-05-08,31522,3160,1906,199,10,29616,2961,1.06435710426796,1.06720702465383,71
"Mexico",2020-05-09,33460,3353,1938,193,10,31522,3160,1.06148087050314,1.06107594936709,72
"Mexico",2020-05-10,35022,3465,1562,112,9.9,33460,3353,1.04668260609683,1.03340292275574,73
"Mexico",2020-05-11,36327,3573,1305,108,9.8,35022,3465,1.03726229227343,1.03116883116883,74
"Mexico",2020-05-12,38324,3926,1997,353,10.2,36327,3573,1.05497288518182,1.09879652952701,75
"Mexico",2020-05-13,40186,4220,1862,294,10.5,38324,3926,1.04858574261559,1.07488537952114,76
"Mexico",2020-05-14,42595,4477,2409,257,10.5,40186,4220,1.05994624993779,1.06090047393365,77
"Mexico",2020-05-15,45032,4767,2437,290,10.6,42595,4477,1.05721328794459,1.06477551932097,78
"Mexico",2020-05-16,47144,5045,2112,278,10.7,45032,4767,1.04689998223486,1.05831760016782,79
"Mexico",2020-05-17,49219,5177,2075,132,10.5,47144,5045,1.04401408450704,1.02616451932607,80
"Mexico",2020-05-18,51633,5332,2414,155,10.3,49219,5177,1.0490461000833,1.02994011976048,81
"Mexico",2020-05-19,54346,5666,2713,334,10.4,51633,5332,1.05254391571282,1.06264066016504,82
"Mexico",2020-05-20,56594,6090,2248,424,10.8,54346,5666,1.04136458985022,1.07483233321567,83
"Mexico",2020-05-21,59567,6510,2973,420,10.9,56594,6090,1.05253207053751,1.06896551724138,84
"Mexico",2020-05-22,62527,6989,2960,479,11.2,59567,6510,1.04969194352578,1.07357910906298,85
"Mexico",2020-05-23,65856,7179,3329,190,10.9,62527,6989,1.05324099988805,1.02718557733581,86
"Mexico",2020-05-24,68620,7394,2764,215,10.8,65856,7179,1.0419703595724,1.02994846078841,87
"Mexico",2020-05-25,71105,7633,2485,239,10.7,68620,7394,1.03621393179831,1.03232350554504,88
"Mexico",2020-05-26,74560,8134,3455,501,10.9,71105,7633,1.04859011321285,1.06563605397616,89
"Mexico",2020-05-27,78023,8597,3463,463,11,74560,8134,1.04644581545064,1.05692156380625,90
"Mexico",2020-05-28,81400,9044,3377,447,11.1,78023,8597,1.04328210912167,1.05199488193556,91
"Mexico",2020-05-29,84627,9415,3227,371,11.1,81400,9044,1.03964373464373,1.04102167182663,92
"Mexico",2020-05-30,87512,9779,2885,364,11.2,84627,9415,1.03409077481182,1.03866171003717,93
"Mexico",2020-05-31,90664,9930,3152,151,11,87512,9779,1.03601791754274,1.01544125166172,94
"Mexico",2020-06-01,93435,10167,2771,237,10.9,90664,9930,1.0305633989235,1.0238670694864,95
"Mexico",2020-06-02,97326,10637,3891,470,10.9,93435,10167,1.04164392358324,1.04622799252484,96
"Mexico",2020-06-03,101238,11729,3912,1092,11.6,97326,10637,1.04019480919795,1.102660524584,97
"Mexico",2020-06-04,105680,12545,4442,816,11.9,101238,11729,1.04387680515222,1.0695711484355,98
"Mexico",2020-06-05,110026,13170,4346,625,12,105680,12545,1.04112414837245,1.04982064567557,99
"Mexico",2020-06-06,113619,13511,3593,341,11.9,110026,13170,1.03265591769218,1.02589217919514,100
"Mexico",2020-06-07,117103,13699,3484,188,11.7,113619,13511,1.0306638854417,1.01391458811339,101
"Mexico",2020-06-08,120102,14053,2999,354,11.7,117103,13699,1.02560993313579,1.02584130228484,102
"Mexico",2020-06-09,124301,14649,4199,596,11.8,120102,14053,1.03496194901001,1.04241087312318,103
"Mexico",2020-06-10,129184,15357,4883,708,11.9,124301,14649,1.03928367430672,1.04833094409175,104
"Mexico",2020-06-11,133974,15944,4790,587,11.9,129184,15357,1.03707889521922,1.03822361138243,105
"Mexico",2020-06-12,139196,16448,5222,504,11.8,133974,15944,1.03897771209339,1.03161063723031,106
"Mexico",2020-06-13,142690,16872,3494,424,11.8,139196,16448,1.02510129601425,1.02577821011673,107
"Mexico",2020-06-14,146837,17141,4147,269,11.7,142690,16872,1.02906300371435,1.0159435751541,108
"Mexico",2020-06-15,150264,17580,3427,439,11.7,146837,17141,1.02333880425233,1.02561110787002,109
"Mexico",2020-06-16,154863,18310,4599,730,11.8,150264,17580,1.03060613320556,1.0415244596132,110
"Mexico",2020-06-17,159793,19080,4930,770,11.9,154863,18310,1.03183458928214,1.04205352266521,111
"Mexico",2020-06-18,165455,19747,5662,667,11.9,159793,19080,1.03543334188607,1.03495807127883,112
"Mexico",2020-06-19,170485,20394,5030,647,12,165455,19747,1.03040101538183,1.03276447055249,113
"Mexico",2020-06-20,175202,20781,4717,387,11.9,170485,20394,1.0276681232953,1.01897616946161,114
"Mexico",2020-06-21,180545,21825,5343,1044,12.1,175202,20781,1.03049622721202,1.05023819835427,115
"Mexico",2020-06-22,185122,22584,4577,759,12.2,180545,21825,1.0253510205212,1.03477663230241,116
"Mexico",2020-06-23,191410,23377,6288,793,12.2,185122,22584,1.03396678946857,1.03511335458732,117
"Mexico",2020-06-24,196847,24324,5437,947,12.4,191410,23377,1.02840499451439,1.04050990289601,118
"Mexico",2020-06-25,202951,25060,6104,736,12.3,196847,24324,1.03100885459265,1.03025818122019,119
"Mexico",2020-06-26,208392,25779,5441,719,12.4,202951,25060,1.026809426906,1.02869114126097,120
"Mexico",2020-06-27,212802,26381,4410,602,12.4,208392,25779,1.02116204076932,1.02335234105279,121
"Mexico",2020-06-28,216852,26648,4050,267,12.3,212802,26381,1.01903177601714,1.01012092035935,122
"Mexico",2020-06-29,220657,27121,3805,473,12.3,216852,26648,1.01754652943021,1.01774992494746,123
"Mexico",2020-06-30,226089,27769,5432,648,12.3,220657,27121,1.02461739260481,1.0238929243022,124
"Mexico",2020-07-01,231770,28510,5681,741,12.3,226089,27769,1.02512727288811,1.0266844322806,125
"Mexico",2020-07-02,238511,29189,6741,679,12.2,231770,28510,1.02908486861975,1.02381620484041,126
"Mexico",2020-07-03,245251,29843,6740,654,12.2,238511,29189,1.0282586547371,1.02240570077769,127
"Mexico",2020-07-04,252165,30366,6914,523,12,245251,29843,1.02819152623231,1.01752504774989,128
"Mexico",2020-07-05,256848,30639,4683,273,11.9,252165,30366,1.01857117363631,1.00899031811895,129
"Mexico",2020-07-06,261750,31119,4902,480,11.9,256848,30639,1.01908521771631,1.01566630764712,130
"Mexico",2020-07-07,268008,32014,6258,895,11.9,261750,31119,1.02390830945559,1.02876056428548,131
"Mexico",2020-07-08,275003,32796,6995,782,11.9,268008,32014,1.02609996716516,1.02442681326919,132
"Mexico",2020-07-09,282283,33526,7280,730,11.9,275003,32796,1.02647243848249,1.02225881205025,133
"Mexico",2020-07-10,289174,34191,6891,665,11.8,282283,33526,1.02441167197458,1.01983535166736,134
"Mexico",2020-07-11,295268,34730,6094,539,11.8,289174,34191,1.02107381714815,1.01576438243982,135
"Mexico",2020-07-12,299750,35006,4482,276,11.7,295268,34730,1.01517943021255,1.00794701986755,136
"Mexico",2020-07-13,304435,35491,4685,485,11.7,299750,35006,1.01562969140951,1.0138547677541,137
"Mexico",2020-07-14,311486,36327,7051,836,11.7,304435,35491,1.02316093747434,1.02355526753261,138
"Mexico",2020-07-15,317635,36906,6149,579,11.6,311486,36327,1.01974085512672,1.01593855809728,139
"Mexico",2020-07-16,324041,37574,6406,668,11.6,317635,36906,1.02016780266658,1.01810003793421,140
"Mexico",2020-07-17,331298,38310,7257,736,11.6,324041,37574,1.02239531417321,1.0195880129877,141
"Mexico",2020-07-18,338913,38888,7615,578,11.5,331298,38310,1.02298534853817,1.01508744453145,142
"Mexico",2020-07-19,344224,39184,5311,296,11.4,338913,38888,1.01567068834775,1.00761160255092,143
"Mexico",2020-07-20,349396,39485,5172,301,11.3,344224,39184,1.01502509993493,1.00768170681911,144
"Mexico",2020-07-21,356255,40400,6859,915,11.3,349396,39485,1.01963102038947,1.023173356971,145
"Mexico",2020-07-22,362274,41190,6019,790,11.4,356255,40400,1.01689520147086,1.01955445544554,146
"Mexico",2020-07-23,370712,41908,8438,718,11.3,362274,41190,1.02329176258854,1.01743141539209,147
"Mexico",2020-07-24,378285,42645,7573,737,11.3,370712,41908,1.02042825697577,1.01758614107092,148
"Mexico",2020-07-25,385036,43374,6751,729,11.3,378285,42645,1.01784633279141,1.01709461836089,149
"Mexico",2020-07-26,390516,43680,5480,306,11.2,385036,43374,1.01423243540864,1.00705491769263,150
"Mexico",2020-07-27,395489,44022,4973,342,11.1,390516,43680,1.0127344334163,1.00782967032967,151
"Mexico",2020-07-28,402697,44876,7208,854,11.1,395489,44022,1.01822553851055,1.01939939121348,152
"Mexico",2020-07-29,408449,45361,5752,485,11.1,402697,44876,1.01428369220531,1.01080755860594,153
"Mexico",2020-07-30,416179,46000,7730,639,11.1,408449,45361,1.01892525137777,1.01408699102753,154
"Mexico",2020-07-31,424637,46688,8458,688,11,416179,46000,1.02032298602284,1.01495652173913,155
"Mexico",2020-08-01,434193,47472,9556,784,10.9,424637,46688,1.02250392688343,1.01679232350925,156
"Mexico",2020-08-02,439046,47746,4853,274,10.9,434193,47472,1.01117705720728,1.00577182339063,157
"Mexico",2020-08-03,443813,48012,4767,266,10.8,439046,47746,1.01085763222988,1.00557114732124,158
"Mexico",2020-08-04,449961,48869,6148,857,10.9,443813,48012,1.01385268119681,1.01784970424061,159
"Mexico",2020-08-05,456100,49698,6139,829,10.9,449961,48869,1.01364340465063,1.01696371933127,160
"Mexico",2020-08-06,462690,50517,6590,819,10.9,456100,49698,1.01444858583644,1.01647953639986,161
"Mexico",2020-08-07,469407,51311,6717,794,10.9,462690,50517,1.01451727938793,1.01571748124394,162
"Mexico",2020-08-08,475902,52006,6495,695,10.9,469407,51311,1.01383660661217,1.01354485392996,163
"Mexico",2020-08-09,480278,52298,4376,292,10.9,475902,52006,1.00919517043425,1.00561473676114,164
"Mexico",2020-08-10,485836,53003,5558,705,10.9,480278,52298,1.0115724642811,1.01348043902252,165
"Mexico",2020-08-11,492522,53929,6686,926,10.9,485836,53003,1.01376184556105,1.01747070920514,166
"Mexico",2020-08-12,498380,54666,5858,737,11,492522,53929,1.01189388494321,1.01366611656066,167
"Mexico",2020-08-13,505751,55293,7371,627,10.9,498380,54666,1.01478991933866,1.01146965206893,168
"Mexico",2020-08-14,511369,55908,5618,615,10.9,505751,55293,1.01110823310285,1.01112256524334,169
"Mexico",2020-08-15,517714,56543,6345,635,10.9,511369,55908,1.01240786985523,1.01135794519568,170
"Mexico",2020-08-16,522162,56757,4448,214,10.9,517714,56543,1.00859161622054,1.00378473020533,171
"Mexico",2020-08-17,525733,57023,3571,266,10.8,522162,56757,1.00683887375948,1.00468664658104,172
"Mexico",2020-08-18,531239,57774,5506,751,10.9,525733,57023,1.0104729967493,1.01317012433579,173
"Mexico",2020-08-19,537031,58481,5792,707,10.9,531239,57774,1.01090281398768,1.01223733859522,174
"Mexico",2020-08-20,543806,59106,6775,625,10.9,537031,58481,1.01261565905879,1.01068723175048,175
"Mexico",2020-08-21,549734,59610,5928,504,10.8,543806,59106,1.01090094629335,1.00852705309106,176
"Mexico",2020-08-22,556216,60254,6482,644,10.8,549734,59610,1.01179115717784,1.01080355645026,177
"Mexico",2020-08-23,560164,60480,3948,226,10.8,556216,60254,1.00709796194284,1.00375078832941,178
"Mexico",2020-08-24,563705,60800,3541,320,10.8,560164,60480,1.0063213630294,1.00529100529101,179
"Mexico",2020-08-25,568621,61450,4916,650,10.8,563705,60800,1.00872087350653,1.01069078947368,180
"Mexico",2020-08-26,573888,62076,5267,626,10.8,568621,61450,1.00926276025683,1.01018714401953,181
"Mexico",2020-08-27,579914,62594,6026,518,10.8,573888,62076,1.01050030668005,1.00834460983311,182
"Mexico",2020-08-28,585738,63146,5824,552,10.8,579914,62594,1.01004286842532,1.00881873662012,183
"Mexico",2020-08-29,591712,63819,5974,673,10.8,585738,63146,1.01019909925598,1.01065784055997,184
"Mexico",2020-08-30,595841,64158,4129,339,10.8,591712,63819,1.00697805689254,1.00531189771071,185
"Mexico",2020-08-31,599560,64414,3719,256,10.7,595841,64158,1.00624159801021,1.00399014931887,186
"Mexico",2020-09-01,606036,65241,6476,827,10.8,599560,64414,1.01080125425312,1.01283882385817,187
"Mexico",2020-09-02,610957,65816,4921,575,10.8,606036,65241,1.00811997967117,1.00881347618829,188
"Mexico",2020-09-03,616894,66329,5937,513,10.8,610957,65816,1.00971754149637,1.00779445727483,189
"Mexico",2020-09-04,623090,66851,6196,522,10.7,616894,66329,1.01004386491034,1.00786986084518,190
"Mexico",2020-09-05,629409,67326,6319,475,10.7,623090,66851,1.01014139209424,1.00710535369703,191
"Mexico",2020-09-06,634023,67558,4614,232,10.7,629409,67326,1.00733068640582,1.00344591985266,192
"Mexico",2020-09-07,637509,67781,3486,223,10.6,634023,67558,1.00549822325058,1.00330086740282,193
"Mexico",2020-09-08,642860,68484,5351,703,10.7,637509,67781,1.00839360699222,1.01037163806967,194
"Mexico",2020-09-09,647321,69049,4461,565,10.7,642860,68484,1.00693930249199,1.00825010221366,195
"Mexico",2020-09-10,652364,69649,5043,600,10.7,647321,69049,1.00779057067514,1.00868948138279,196
"Mexico",2020-09-11,658299,70183,5935,534,10.7,652364,69649,1.00909768166238,1.00766701603756,197
"Mexico",2020-09-12,663973,70604,5674,421,10.6,658299,70183,1.00861918368401,1.00599860365046,198
"Mexico",2020-09-13,668381,70821,4408,217,10.6,663973,70604,1.00663882416906,1.00307348025608,199
"Mexico",2020-09-14,671716,71049,3335,228,10.6,668381,70821,1.004989669066,1.00321938408099,200
"Mexico",2020-09-15,676487,71678,4771,629,10.6,671716,71049,1.007102704119,1.00885304508156,201
"Mexico",2020-09-16,680931,71978,4444,300,10.6,676487,71678,1.00656923192907,1.00418538463685,202
"Mexico",2020-09-17,684113,72179,3182,201,10.6,680931,71978,1.00467301385897,1.00279251993665,203
"Mexico",2020-09-18,688954,72803,4841,624,10.6,684113,72179,1.00707631633955,1.00864517380401,204
"Mexico",2020-09-19,694121,73258,5167,455,10.6,688954,72803,1.00749977502126,1.00624974245567,205
"Mexico",2020-09-20,697663,73493,3542,235,10.5,694121,73258,1.00510285670654,1.00320784078189,206
"Mexico",2020-09-21,700580,73697,2917,204,10.5,697663,73493,1.00418110176403,1.00277577456356,207
"Mexico",2020-09-22,705263,74348,4683,651,10.5,700580,73697,1.00668446144623,1.00883346676255,208
"Mexico",2020-09-23,710049,74949,4786,601,10.6,705263,74348,1.00678612092227,1.00808360682197,209
"Mexico",2020-09-24,715457,75439,5408,490,10.5,710049,74949,1.00761637577125,1.00653777902307,210
"Mexico",2020-09-25,720858,75844,5401,405,10.5,715457,75439,1.00754902111518,1.00536857593552,211
"Mexico",2020-09-26,726431,76243,5573,399,10.5,720858,75844,1.00773106492541,1.00526079848109,212
"Mexico",2020-09-27,730317,76430,3886,187,10.5,726431,76243,1.00534944130964,1.00245268418084,213
"Mexico",2020-09-28,733717,76603,3400,173,10.4,730317,76430,1.00465551260617,1.00226350909329,214
"Mexico",2020-09-29,738163,77163,4446,560,10.5,733717,76603,1.00605955702267,1.00731041865201,215
"Mexico",2020-09-30,743216,77646,5053,483,10.4,738163,77163,1.00684537155073,1.0062594766922,216
"Mexico",2020-10-01,748315,78078,5099,432,10.4,743216,77646,1.006860724204,1.00556371223244,217
"Mexico",2020-10-02,753090,78492,4775,414,10.4,748315,78078,1.00638100265263,1.00530238991777,218
"Mexico",2020-10-03,757953,78880,4863,388,10.4,753090,78492,1.00645739553041,1.00494317892269,219
"Mexico",2020-10-04,761665,79088,3712,208,10.4,757953,78880,1.00489740129005,1.0026369168357,220
"Mexico",2020-10-05,789780,81877,28115,2789,10.4,761665,79088,1.03691255341915,1.03526451547643,221
"Mexico",2020-10-06,794608,82348,4828,471,10.4,789780,81877,1.00611309478589,1.00575253123588,222
"Mexico",2020-10-07,799188,82726,4580,378,10.4,794608,82348,1.0057638483378,1.00459027541653,223
"Mexico",2020-10-08,804488,83096,5300,370,10.3,799188,82726,1.00663173120718,1.0044725962817,224
"Mexico",2020-10-09,810020,83497,5532,401,10.3,804488,83096,1.00687642326548,1.00482574371811,225
"Mexico",2020-10-10,814328,83642,4308,145,10.3,810020,83497,1.00531838720032,1.00173658933854,226
"Mexico",2020-10-11,817503,83781,3175,139,10.2,814328,83642,1.00389892033677,1.00166184452787,227
"Mexico",2020-10-12,821045,83945,3542,164,10.2,817503,83781,1.0043327058127,1.00195748439384,228
"Mexico",2020-10-13,825340,84420,4295,475,10.2,821045,83945,1.00523113836635,1.0056584668533,229
"Mexico",2020-10-14,829396,84898,4056,478,10.2,825340,84420,1.00491433833329,1.00566216536366,230
"Mexico",2020-10-15,834910,85285,5514,387,10.2,829396,84898,1.00664821146955,1.00455841126999,231
"Mexico",2020-10-16,841661,85704,6751,419,10.2,834910,85285,1.00808590147441,1.00491293896934,232
"Mexico",2020-10-17,847108,86059,5447,355,10.2,841661,85704,1.00647172674034,1.00414216372631,233
"Mexico",2020-10-18,851227,86167,4119,108,10.1,847108,86059,1.00486242604249,1.00125495299736,234
"Mexico",2020-10-19,854926,86338,3699,171,10.1,851227,86167,1.00434549186057,1.00198451843513,235
"Mexico",2020-10-20,860714,86893,5788,555,10.1,854926,86338,1.00677017660008,1.00642822395701,236
"Mexico",2020-10-21,867559,87415,6845,522,10.1,860714,86893,1.00795269973534,1.00600738839722,237
"Mexico",2020-10-22,874171,87415,6612,0,10,867559,87415,1.00762138367535,1,238
"Mexico",2020-10-23,880775,88312,6604,897,10,874171,87415,1.00755458600205,1.01026139678545,239
"Mexico",2020-10-24,886800,88743,6025,431,10,880775,88312,1.00684056654651,1.00488042395144,240
"Mexico",2020-10-25,891160,88924,4360,181,10,886800,88743,1.00491655390167,1.00203959748938,241
"Mexico",2020-10-26,895326,89171,4166,247,10,891160,88924,1.004674805871,1.00277765282713,242
"Mexico",2020-10-27,901268,89814,5942,643,10,895326,89171,1.00663668875918,1.00721086451873,243
"Mexico",2020-10-28,906863,90309,5595,495,10,901268,89814,1.0062079203966,1.00551139020643,244
"Mexico",2020-10-29,912811,90773,5948,464,9.9,906863,90309,1.0065588738321,1.00513791537942,245
"Mexico",2020-10-30,918811,91289,6000,516,9.9,912811,90773,1.00657310220845,1.00568450971104,246
"Mexico",2020-10-31,924962,91753,6151,464,9.9,918811,91289,1.0066945215066,1.00508275914951,247
"Mexico",2020-11-01,929392,91895,4430,142,9.9,924962,91753,1.00478938594234,1.00154763331989,248
"Mexico",2020-11-02,933155,92100,3763,205,9.9,929392,91895,1.00404888357119,1.00223080689918,249
"Mexico",2020-11-03,938405,92593,5250,493,9.9,933155,92100,1.00562607498218,1.00535287730727,250
"Mexico",2020-11-04,943630,93228,5225,635,9.9,938405,92593,1.00556795839749,1.00685796982493,251
"Mexico",2020-11-05,949197,93772,5567,544,9.9,943630,93228,1.00589955808951,1.00583515681984,252
"Mexico",2020-11-06,955128,94323,5931,551,9.9,949197,93772,1.00624843947042,1.00587595444269,253
"Mexico",2020-11-07,961938,94808,6810,485,9.9,955128,94323,1.00712993441717,1.00514190600384,254
"Mexico",2020-11-08,967825,95027,5887,219,9.8,961938,94808,1.00611993704376,1.00230993165134,255
"Mexico",2020-11-09,972785,95225,4960,198,9.8,967825,95027,1.00512489344665,1.00208361834005,256
"Mexico",2020-11-10,978531,95842,5746,617,9.8,972785,95225,1.00590675226283,1.00647939091625,257
"Mexico",2020-11-11,986177,96430,7646,588,9.8,978531,95842,1.00781375347332,1.00613509734772,258
"Mexico",2020-11-12,991835,97056,5658,626,9.8,986177,96430,1.00573730679178,1.00649175567769,259
"Mexico",2020-11-13,997393,97624,5558,568,9.8,991835,97056,1.00560375465677,1.0058522914606,260
"Mexico",2020-11-14,1003253,98259,5860,635,9.8,997393,97624,1.00587531695129,1.00650454806195,261
"Mexico",2020-11-15,1006522,98542,3269,283,9.8,1003253,98259,1.00325840042342,1.00288014329476,262
"Mexico",2020-11-16,1009396,98861,2874,319,9.8,1006522,98542,1.00285537722971,1.00323719835197,263
"Mexico",2020-11-17,1011153,99026,1757,165,9.8,1009396,98861,1.00174064490051,1.00166901002418,264
"Mexico",2020-11-18,1015071,99528,3918,502,9.8,1011153,99026,1.00387478452816,1.00506937571951,265
"Mexico",2020-11-19,1019543,100104,4472,576,9.8,1015071,99528,1.00440560315485,1.00578731613214,266
"Mexico",2020-11-20,1025969,100823,6426,719,9.8,1019543,100104,1.00630282391228,1.00718253016862,267
"Mexico",2020-11-21,1032688,101373,6719,550,9.8,1025969,100823,1.00654893081565,1.00545510449005,268
"Mexico",2020-11-22,1041875,101676,9187,303,9.8,1032688,101373,1.00889620098229,1.00298896155781,269
"Mexico",2020-11-23,1049358,101926,7483,250,9.7,1041875,101676,1.00718224355129,1.0024587906684,270
"Mexico",2020-11-24,1060152,102739,10794,813,9.7,1049358,101926,1.01028628933119,1.00797637501717,271
"Mexico",2020-11-25,1070487,103597,10335,858,9.7,1060152,102739,1.00974860208725,1.00835125901556,272
"Mexico",2020-11-26,1078594,104242,8107,645,9.7,1070487,103597,1.00757318865152,1.00622604901686,273
"Mexico",2020-11-27,1090675,104873,12081,631,9.6,1078594,104242,1.01120069275371,1.00605322230963,274
"Mexico",2020-11-28,1101403,105459,10728,586,9.6,1090675,104873,1.00983611066541,1.00558771085027,275
"Mexico",2020-11-29,1107071,105655,5668,196,9.5,1101403,105459,1.005146163575,1.00185854218227,276
"Mexico",2020-11-30,1113543,105940,6472,285,9.5,1107071,105655,1.0058460568473,1.00269745870995,277
"Mexico",2020-12-01,1122362,106765,8819,825,9.5,1113543,105940,1.00791976600814,1.00778742684538,278
"Mexico",2020-12-02,1133613,107565,11251,800,9.5,1122362,106765,1.0100243949813,1.00749309230553,279
"Mexico",2020-12-03,1144643,108173,11030,608,9.5,1133613,107565,1.00972995193245,1.00565239622554,280
"Mexico",2020-12-04,1156770,108863,12127,690,9.4,1144643,108173,1.01059456966058,1.00637867120261,281
"Mexico",2020-12-05,1168395,109456,11625,593,9.4,1156770,108863,1.01004953447963,1.00544721347014,282
"Mexico",2020-12-06,1175850,109717,7455,261,9.3,1168395,109456,1.00638054767437,1.00238451980705,283
"Mexico",2020-12-07,1182249,110074,6399,357,9.3,1175850,109717,1.0054420206659,1.00325382575171,284
"Mexico",2020-12-08,1193255,110874,11006,800,9.3,1182249,110074,1.00930937560531,1.00726783799989,285
"Mexico",2020-12-09,1205229,111655,11974,781,9.3,1193255,110874,1.01003473691709,1.00704403196421,286
"Mexico",2020-12-10,1217126,112326,11897,671,9.2,1205229,111655,1.00987115311696,1.00600958309077,287
"Mexico",2020-12-11,1229379,113019,12253,693,9.2,1217126,112326,1.01006715820712,1.00616954222531,288
"Mexico",2020-12-12,1241436,113704,12057,685,9.2,1229379,113019,1.0098073905606,1.0060609278086,289
"Mexico",2020-12-13,1250044,113953,8608,249,9.1,1241436,113704,1.00693390557387,1.00218989657356,290
"Mexico",2020-12-14,1255974,114298,5930,345,9.1,1250044,113953,1.00474383301708,1.00302756399568,291
"Mexico",2020-12-15,1267202,115099,11228,801,9.1,1255974,114298,1.00893967550284,1.00700799664036,292
"Mexico",2020-12-16,1277499,115769,10297,670,9.1,1267202,115099,1.00812577631664,1.00582107576955,293
"Mexico",2020-12-17,1289298,116487,11799,718,9,1277499,115769,1.00923601505755,1.00620200571828,294
"Mexico",2020-12-18,1301546,117249,12248,762,9,1289298,116487,1.00949974327114,1.00654150248526,295
"Mexico",2020-12-19,1313675,117876,12129,627,9,1301546,117249,1.00931891765639,1.00534759358289,296
"Mexico",2020-12-20,1320545,118202,6870,326,9,1313675,117876,1.00522960397359,1.00276561810716,297
"Mexico",2020-12-21,1325915,118598,5370,396,8.9,1320545,118202,1.00406650284542,1.00335019712018,298
"Mexico",2020-12-22,1338426,119495,12511,897,8.9,1325915,118598,1.00943574814373,1.00756336531813,299
"Mexico",2020-12-23,1350079,120311,11653,816,8.9,1338426,119495,1.00870649554028,1.00682873760408,300
"Mexico",2020-12-24,1362564,121172,12485,861,8.9,1350079,120311,1.00924760699189,1.00715645285967,301
"Mexico",2020-12-25,1372243,121837,9679,665,8.9,1362564,121172,1.0071035195411,1.00548806655003,302
"Mexico",2020-12-26,1377217,122026,4974,189,8.9,1372243,121837,1.00362472244347,1.00155125290347,303
"Mexico",2020-12-27,1383434,122426,6217,400,8.8,1377217,122026,1.00451417605214,1.00327798993657,304
"Mexico",2020-12-28,1389430,122855,5996,429,8.8,1383434,122426,1.00433414243108,1.00350415761358,305
"Mexico",2020-12-29,1401529,123845,12099,990,8.8,1389430,122855,1.00870788740707,1.00805828008628,306
"Mexico",2020-12-30,1413935,124897,12406,1052,8.8,1401529,123845,1.00885176118368,1.00849448907909,307
"Mexico",2020-12-31,1426094,125807,12159,910,8.8,1413935,124897,1.00859940520604,1.00728600366702,308
"Mexico",2021-01-01,1437185,126507,11091,700,8.8,1426094,125807,1.00777718719804,1.00556407831043,309
"Mexico",2021-01-02,1443544,126851,6359,344,8.8,1437185,126507,1.0044246217432,1.00271921711842,310
"Mexico",2021-01-03,1448755,127213,5211,362,8.8,1443544,126851,1.00360986571937,1.00285374179155,311
"Mexico",2021-01-04,1455219,127757,6464,544,8.8,1448755,127213,1.00446176199564,1.00427629251727,312
"Mexico",2021-01-05,1466490,128822,11271,1065,8.8,1455219,127757,1.0077452259763,1.00833613813724,313
"Mexico",2021-01-06,1479835,129987,13345,1165,8.8,1466490,128822,1.00909995976788,1.00904348636103,314
"Mexico",2021-01-07,1493569,131031,13734,1044,8.8,1479835,129987,1.00928076440955,1.00803157238801,315
"Mexico",2021-01-08,1507931,132069,14362,1038,8.8,1493569,131031,1.00961589320614,1.00792178950019,316
"Mexico",2021-01-09,1524036,133204,16105,1135,8.7,1507931,132069,1.01068019690556,1.00859399253421,317
"Mexico",2021-01-10,1534039,133706,10003,502,8.7,1524036,133204,1.00656349325082,1.00376865559593,318
"Mexico",2021-01-11,1541633,134368,7594,662,8.7,1534039,133706,1.00495033046748,1.0049511615036,319
"Mexico",2021-01-12,1556028,135682,14395,1314,8.7,1541633,134368,1.00933750120813,1.00977911407478,320
"Mexico",2021-01-13,1571901,136917,15873,1235,8.7,1556028,135682,1.01020097324727,1.00910216535723,321
"Mexico",2021-01-14,1588369,137916,16468,999,8.7,1571901,136917,1.01047648675076,1.00729639124433,322
"Mexico",2021-01-15,1609735,139022,21366,1106,8.6,1588369,137916,1.01345153424677,1.00801937411178,323
"Mexico",2021-01-16,1630258,140241,20523,1219,8.6,1609735,139022,1.01274930345678,1.00876839636892,324
"Mexico",2021-01-17,1641428,140704,11170,463,8.6,1630258,140241,1.00685167623775,1.00330145963021,325
"Mexico",2021-01-18,1649502,141248,8074,544,8.6,1641428,140704,1.00491888770022,1.00386627245849,326
"Mexico",2021-01-19,1668396,142832,18894,1584,8.6,1649502,141248,1.0114543662269,1.01121431807884,327
"Mexico",2021-01-20,1688944,144371,20548,1539,8.5,1668396,142832,1.01231602089672,1.01077489638176,328
"Mexico",2021-01-21,1711283,146174,22339,1803,8.5,1688944,144371,1.01322660786859,1.01248865769441,329
"Mexico",2021-01-22,1732290,147614,21007,1440,8.5,1711283,146174,1.0122755850435,1.00985127314023,330
"Mexico",2021-01-23,1752347,149084,20057,1470,8.5,1732290,147614,1.01157831540908,1.00995840502933,331
"Mexico",2021-01-24,1763219,149614,10872,530,8.5,1752347,149084,1.00620425064214,1.00355504279467,332
"Mexico",2021-01-25,1771740,150273,8521,659,8.5,1763219,149614,1.00483263848677,1.00440466801235,333
"Mexico",2021-01-26,1788905,152016,17165,1743,8.5,1771740,150273,1.00968821610394,1.01159889002016,334
"Mexico",2021-01-27,1806849,153639,17944,1623,8.5,1788905,152016,1.01003071711466,1.01067650773603,335
"Mexico",2021-01-28,1825519,155145,18670,1506,8.5,1806849,153639,1.01033290551673,1.0098021986605,336
"Mexico",2021-01-29,1841893,156579,16374,1434,8.5,1825519,155145,1.00896950401502,1.00924296625737,337
"Mexico",2021-01-30,1857230,158074,15337,1495,8.5,1841893,156579,1.0083267594806,1.00954789595029,338
"Mexico",2021-01-31,1864260,158536,7030,462,8.5,1857230,158074,1.00378520700183,1.00292268178195,339
"Mexico",2021-02-01,1869708,159100,5448,564,8.5,1864260,158536,1.0029223391587,1.00355755159711,340
"Mexico",2021-02-02,1874092,159533,4384,433,8.5,1869708,159100,1.002344751159,1.00272155876807,341
"Mexico",2021-02-03,1886245,161240,12153,1707,8.5,1874092,159533,1.00648474034359,1.01069998056828,342
"Mexico",2021-02-04,1886245,161240,0,0,8.5,1886245,161240,1,1,343
"Mexico",2021-02-05,1912871,164290,26626,3050,8.6,1886245,161240,1.01411587572134,1.01891590176135,344
"Mexico",2021-02-06,1926080,165786,13209,1496,8.6,1912871,164290,1.00690532712347,1.00910584941262,345
"Mexico",2021-02-07,1932145,166200,6065,414,8.6,1926080,165786,1.00314888270477,1.00249719517933,346
"Mexico",2021-02-08,1936013,166731,3868,531,8.6,1932145,166200,1.00200192014574,1.00319494584838,347
"Mexico",2021-02-09,1946751,168432,10738,1701,8.7,1936013,166731,1.00554645035958,1.01020206200407,348
"Mexico",2021-02-10,1957889,169760,11138,1328,8.7,1946751,168432,1.00572132748359,1.00788448750831,349
"Mexico",2021-02-11,1968566,171234,10677,1474,8.7,1957889,169760,1.00545332243043,1.00868284637135,350
"Mexico",2021-02-12,1978954,172557,10388,1323,8.7,1968566,171234,1.00527693762871,1.00772626931567,351
"Mexico",2021-02-13,1988695,173771,9741,1214,8.7,1978954,172557,1.00492229733485,1.00703535643295,352
"Mexico",2021-02-14,1992794,174207,4099,436,8.7,1988695,173771,1.00206115065407,1.00250904926599,353
"Mexico",2021-02-15,1995892,174657,3098,450,8.8,1992794,174207,1.00155460122823,1.002583133858,354
"Mexico",2021-02-16,2004575,175986,8683,1329,8.8,1995892,174657,1.00435043579512,1.00760919974579,355
"Mexico",2021-02-17,2013563,177061,8988,1075,8.8,2004575,175986,1.00448374343689,1.00610844044413,356
"Mexico",2021-02-18,2022662,178108,9099,1047,8.8,2013563,177061,1.00451885538223,1.00591321634917,357
"Mexico",2021-02-19,2030491,178965,7829,857,8.8,2022662,178108,1.00387064175824,1.00481168729086,358
"Mexico",2021-02-20,2038276,179797,7785,832,8.8,2030491,178965,1.0038340480209,1.00464895370603,359
"Mexico",2021-02-21,2041380,180107,3104,310,8.8,2038276,179797,1.00152285558972,1.00172416669911,360
"Mexico",2021-02-22,2043632,180536,2252,429,8.8,2041380,180107,1.00110317530298,1.00238191741576,361
"Mexico",2021-02-23,2052266,181809,8634,1273,8.9,2043632,180536,1.00422483108505,1.0070512252404,362
"Mexico",2021-02-24,2060908,182815,8642,1006,8.9,2052266,181809,1.00421095511011,1.00553327943061,363
"Mexico",2021-02-25,2069370,183692,8462,877,8.9,2060908,182815,1.00410595718004,1.00479719935454,364
"Mexico",2021-02-26,2076882,184474,7512,782,8.9,2069370,183692,1.00363009031734,1.00425712605884,365
"Mexico",2021-02-27,2084128,185257,7246,783,8.9,2076882,184474,1.00348888381718,1.00424450058003,366
"Mexico",2021-02-28,2086938,185715,2810,458,8.9,2084128,185257,1.0013482857099,1.00247224126484,367
"Mexico",2021-03-01,2089281,186152,2343,437,8.9,2086938,185715,1.00112269746394,1.00235306787282,368
"Mexico",2021-03-02,2097194,187187,7913,1035,8.9,2089281,186152,1.00378742734941,1.0055599724956,369
"Mexico",2021-03-03,2104987,188044,7793,857,8.9,2097194,187187,1.0037159175546,1.00457830939114,370
"Mexico",2021-03-04,2112508,188866,7521,822,8.9,2104987,188044,1.00357294368089,1.00437131735126,371
"Mexico",2021-03-05,2119305,189578,6797,712,8.9,2112508,188866,1.00321750260827,1.00376986858408,372
"Mexico",2021-03-06,2125866,190357,6561,779,9,2119305,189578,1.00309582622605,1.00410912658642,373
"Mexico",2021-03-07,2128600,190604,2734,247,9,2125866,190357,1.00128606412634,1.00129756194939,374
"Mexico",2021-03-08,2130477,190923,1877,319,9,2128600,190604,1.00088180024429,1.00167362699629,375
"Mexico",2021-03-09,2137884,191789,7407,866,9,2130477,190923,1.00347668620689,1.00453586000639,376
"Mexico",2021-03-10,2144486,192491,6602,702,9,2137884,191789,1.00308810019627,1.00366027248695,377
"Mexico",2021-03-11,2150955,193152,6469,661,9,2144486,192491,1.00301657366847,1.00343392678099,378
"Mexico",2021-03-12,2157771,193851,6816,699,9,2150955,193152,1.00316882501029,1.00361891153082,379
"Mexico",2021-03-13,2163875,194490,6104,639,9,2157771,193851,1.00282884513695,1.00329634616277,380
"Mexico",2021-03-14,2166290,194710,2415,220,9,2163875,194490,1.00111605337647,1.00113116355597,381
"Mexico",2021-03-15,2167729,194944,1439,234,9,2166290,194710,1.00066426932682,1.00120178727338,382
"Mexico",2021-03-16,2169007,195119,1278,175,9,2167729,194944,1.00058955708947,1.00089769369665,383
"Mexico",2021-03-17,2175462,195908,6455,789,9,2169007,195119,1.00297601621387,1.00404368616075,384
"Mexico",2021-03-18,2182188,196606,6726,698,9,2175462,195908,1.00309175706126,1.00356289686996,385
"Mexico",2021-03-19,2187910,197219,5722,613,9,2182188,196606,1.00262213888079,1.0031179109488,386
"Mexico",2021-03-20,2193639,197827,5729,608,9,2187910,197219,1.00261848065048,1.00308286726938,387
"Mexico",2021-03-21,2195772,198036,2133,209,9,2193639,197827,1.0009723568919,1.00105647864043,388
"Mexico",2021-03-22,2197160,198239,1388,203,9,2195772,198036,1.00063212391815,1.00102506614959,389
"Mexico",2021-03-23,2203041,199048,5881,809,9,2197160,198239,1.00267663711336,1.00408093261165,390
"Mexico",2021-03-24,2208755,199627,5714,579,9,2203041,199048,1.00259368754372,1.00290884610747,391
"Mexico",2021-03-25,2214542,200211,5787,584,9,2208755,199627,1.00262002802484,1.00292545597539,392
"Mexico",2021-03-26,2219845,200862,5303,651,9,2214542,200211,1.00239462606715,1.00325156959408,393
"Mexico",2021-03-27,2224904,201429,5059,567,9.1,2219845,200862,1.00227898794736,1.00282283358724,394
"Mexico",2021-03-28,2226550,201623,1646,194,9.1,2224904,201429,1.00073980720067,1.00096311851819,395
"Mexico",2021-03-29,2227843,201832,1293,209,9.1,2226550,201623,1.00058071904965,1.00103658808767,396
"Mexico",2021-03-30,2232910,202633,5067,801,9.1,2227843,201832,1.00227439725331,1.00396864719172,397
"Mexico",2021-03-31,2238887,203210,5977,577,9.1,2232910,202633,1.00267677604561,1.00284751249796,398
"Mexico",2021-04-01,2244268,203664,5381,454,9.1,2238887,203210,1.00240342634532,1.00223414202057,399
"Mexico",2021-04-02,2247357,203854,3089,190,9.1,2244268,203664,1.00137639533246,1.00093290910519,400
"Mexico",2021-04-03,2249195,204011,1838,157,9.1,2247357,203854,1.00081784958954,1.00077015903539,401
"Mexico",2021-04-04,2250458,204147,1263,136,9.1,2249195,204011,1.00056153423781,1.00066663072089,402
"Mexico",2021-04-05,2251705,204399,1247,252,9.1,2250458,204147,1.00055410943017,1.0012344046202,403
"Mexico",2021-04-06,2256509,204985,4804,586,9.1,2251705,204399,1.00213349439647,1.00286694161909,404
"Mexico",2021-04-07,2261879,205598,5370,613,9.1,2256509,204985,1.00237978222112,1.00299046271678,405
"Mexico",2021-04-08,2267019,206146,5140,548,9.1,2261879,205598,1.00227244693461,1.00266539557778,406
"Mexico",2021-04-09,2272064,207020,5045,874,9.1,2267019,206146,1.00222538937697,1.00423971360104,407
"Mexico",2021-04-10,2278420,209212,6356,2192,9.2,2272064,207020,1.00279745640968,1.01058834895179,408
"Mexico",2021-04-11,2280213,209338,1793,126,9.2,2278420,209212,1.00078694885052,1.00060225990861,409
"Mexico",2021-04-12,2281840,209702,1627,364,9.2,2280213,209338,1.00071352983252,1.0017388147398,410
"Mexico",2021-04-13,2286352,210282,4512,580,9.2,2281840,209702,1.00197735161098,1.00276582960582,411
"Mexico",2021-04-14,2291246,210812,4894,530,9.2,2286352,210282,1.00214052779275,1.00252042495316,412
"Mexico",2021-04-15,2295435,211213,4189,401,9.2,2291246,210812,1.00182826287531,1.001902168757,413
"Mexico",2021-04-16,2299939,211693,4504,480,9.2,2295435,211213,1.00196215532132,1.00227258738809,414
"Mexico",2021-04-17,2304096,212228,4157,535,9.2,2299939,211693,1.00180743924078,1.00252724464201,415
"Mexico",2021-04-18,2305602,212339,1506,111,9.2,2304096,212228,1.00065361859922,1.00052302240986,416
"Mexico",2021-04-19,2306910,212466,1308,127,9.2,2305602,212339,1.00056731387291,1.00059810020769,417
"Mexico",2021-04-20,2311172,213048,4262,582,9.2,2306910,212466,1.00184749296678,1.0027392618113,418
"Mexico",2021-04-21,2315811,213597,4639,549,9.2,2311172,213048,1.00200720673321,1.00257688408246,419
"Mexico",2021-04-22,2319519,214095,3708,498,9.2,2315811,213597,1.00160116693461,1.00233149341985,420
"Mexico",2021-04-23,2323430,214504,3911,409,9.2,2319519,214095,1.00168612544239,1.0019103668932,421
"Mexico",2021-04-24,2326738,214853,3308,349,9.2,2323430,214504,1.00142375711771,1.00162700928654,422
"Mexico",2021-04-25,2328391,214947,1653,94,9.2,2326738,214853,1.00071043667143,1.000437508436,423
"Mexico",2021-04-26,2329534,215113,1143,166,9.2,2328391,214947,1.00049089693269,1.00077228340009,424
"Mexico",2021-04-27,2333126,215547,3592,434,9.2,2329534,215113,1.00154193928915,1.00201754426743,425
"Mexico",2021-04-28,2336944,215918,3818,371,9.2,2333126,215547,1.00163643112288,1.00172120233638,426
"Mexico",2021-04-29,2340934,216447,3990,529,9.2,2336944,215918,1.00170735798547,1.00245000416825,427
"Mexico",2021-04-30,2344755,216907,3821,460,9.3,2340934,216447,1.0016322544762,1.00212523158094,428
"Mexico",2021-05-01,2347780,217168,3025,261,9.2,2344755,216907,1.00129011346601,1.00120328066867,429
"Mexico",2021-05-02,2348873,217233,1093,65,9.2,2347780,217168,1.00046554617554,1.00029930744861,430
"Mexico",2021-05-03,2349900,217345,1027,112,9.2,2348873,217233,1.0004372309614,1.00051557544204,431
"Mexico",2021-05-04,2352964,217740,3064,395,9.3,2349900,217345,1.00130388527171,1.00181738710345,432
"Mexico",2021-05-05,2355985,218007,3021,267,9.3,2352964,217740,1.00128391254605,1.00122623312207,433
"Mexico",2021-05-06,2358831,218173,2846,166,9.2,2355985,218007,1.00120798731741,1.00076144343989,434
"Mexico",2021-05-07,2361874,218657,3043,484,9.3,2358831,218173,1.00129004578963,1.0022184229946,435
"Mexico",2021-05-08,2364617,218928,2743,271,9.3,2361874,218657,1.00116136593231,1.00123938405814,436
"Mexico",2021-05-09,2365792,218985,1175,57,9.3,2364617,218928,1.00049690922462,1.00026035957027,437
"Mexico",2021-05-10,2366496,219089,704,104,9.3,2365792,218985,1.00029757476566,1.0004749183734,438
"Mexico",2021-05-11,2368393,219323,1897,234,9.3,2366496,219089,1.00080160710181,1.00106805909927,439
"Mexico",2021-05-12,2371483,219590,3090,267,9.3,2368393,219323,1.0013046821199,1.00121738258185,440
"Mexico",2021-05-13,2375115,219901,3632,311,9.3,2371483,219590,1.00153153111365,1.00141627578669,441
"Mexico",2021-05-14,2377995,220159,2880,258,9.3,2375115,219901,1.00121257286489,1.00117325523758,442
"Mexico",2021-05-15,2380690,220384,2695,225,9.3,2377995,220159,1.00113330768147,1.00102198865365,443
"Mexico",2021-05-16,2381923,220437,1233,53,9.3,2380690,220384,1.00051791707446,1.00024048932772,444
"Mexico",2021-05-17,2382745,220493,822,56,9.3,2381923,220437,1.00034509931681,1.00025404083706,445
"Mexico",2021-05-18,2385512,220746,2767,253,9.3,2382745,220493,1.00116126568307,1.00114742871656,446
"Mexico",2021-05-19,2387512,220850,2000,104,9.3,2385512,220746,1.00083839444111,1.00047112971469,447
"Mexico",2021-05-20,2390140,221080,2628,230,9.2,2387512,220850,1.00110072745184,1.00104143083541,448
"Mexico",2021-05-21,2392744,221256,2604,176,9.2,2390140,221080,1.00108947593028,1.00079609191243,449
"Mexico",2021-05-22,2395330,221597,2586,341,9.3,2392744,221256,1.00108076752047,1.00154120114257,450
"Mexico",2021-05-23,2396604,221647,1274,50,9.2,2395330,221597,1.00053186826032,1.00022563482358,451
"Mexico",2021-05-24,2397307,221695,703,48,9.2,2396604,221647,1.00029333173107,1.00021656056703,452
"Mexico",2021-05-25,2399790,221960,2483,265,9.2,2397307,221695,1.00103574552613,1.0011953359345,453
"Mexico",2021-05-26,2402722,222232,2932,272,9.2,2399790,221960,1.00122177357185,1.00122544602631,454
"Mexico",2021-05-27,2405772,222661,3050,429,9.3,2402722,222232,1.00126939362939,1.00193041506174,455
"Mexico",2021-05-28,2408778,223072,3006,411,9.3,2405772,222661,1.00124949496461,1.00184585535859,456
"Mexico",2021-05-29,2411503,223455,2725,383,9.3,2408778,223072,1.00113127901367,1.00171693444269,457
"Mexico",2021-05-30,2412810,223507,1307,52,9.3,2411503,223455,1.00054198564132,1.00023270904656,458
"Mexico",2021-05-31,2413742,223568,932,61,9.3,2412810,223507,1.00038627160862,1.00027292210087,459
"Mexico",2021-06-01,2420659,227840,6917,4272,9.4,2413742,223568,1.00286567495615,1.01910828025478,460
"Mexico",2021-06-02,2423928,228146,3269,306,9.4,2420659,227840,1.0013504586974,1.00134304775281,461
"Mexico",2021-06-03,2426822,228362,2894,216,9.4,2423928,228146,1.0011939298527,1.00094676216107,462
"Mexico",2021-06-04,2429631,228568,2809,206,9.4,2426822,228362,1.00115748085356,1.00090207652762,463
"Mexico",2021-06-05,2431702,228758,2071,190,9.4,2429631,228568,1.00085239281191,1.00083126246894,464
"Mexico",2021-06-06,2433681,228804,1979,46,9.4,2431702,228758,1.00081383327398,1.00020108586366,465
"Mexico",2021-06-07,2434562,228838,881,34,9.4,2433681,228804,1.00036200307271,1.00014859880072,466
"Mexico",2021-06-08,2438011,229100,3449,262,9.4,2434562,228838,1.00141668193293,1.00114491474318,467
"Mexico",2021-06-09,2441866,229353,3855,253,9.4,2438011,229100,1.00158120697569,1.00110432125709,468
"Mexico",2021-06-10,2445538,229580,3672,227,9.4,2441866,229353,1.00150376802003,1.00098974070538,469
"Mexico",2021-06-11,2448820,229823,3282,243,9.4,2445538,229580,1.00134203598554,1.00105845456921,470
"Mexico",2021-06-12,2452469,230097,3649,274,9.4,2448820,229823,1.00149010543854,1.00119222184029,471
"Mexico",2021-06-13,2454176,230150,1707,53,9.4,2452469,230097,1.00069603326281,1.00023033764021,472
"Mexico",2021-06-14,2455351,230187,1175,37,9.4,2454176,230150,1.00047877576832,1.00016076471866,473
"Mexico",2021-06-15,2459601,230428,4250,241,9.4,2455351,230187,1.00173091342134,1.00104697485088,474
"Mexico",2021-06-16,2463390,230624,3789,196,9.4,2459601,230428,1.00154049376301,1.000850591074,475
"Mexico",2021-06-17,2467643,230792,4253,168,9.4,2463390,230624,1.00172648261136,1.00072845844318,476
"Mexico",2021-06-18,2471741,230959,4098,167,9.3,2467643,230792,1.0016606940307,1.00072359527193,477
"Mexico",2021-06-19,2471741,230959,0,0,9.3,2471741,230959,1,1,478
"Mexico",2021-06-20,2477283,231187,5542,228,9.3,2471741,230959,1.00224214430234,1.00098718820223,479
"Mexico",2021-06-21,2478551,231244,1268,57,9.3,2477283,231187,1.00051185108847,1.0002465536557,480
"Mexico",2021-06-22,2482784,231505,4233,261,9.3,2478551,231244,1.00170785269296,1.00112867793327,481
"Mexico",2021-06-23,2487747,231847,4963,342,9.3,2482784,231505,1.00199896567724,1.00147728990735,482
"Mexico",2021-06-24,2493087,232068,5340,221,9.3,2487747,231847,1.0021465205264,1.00095321483565,483
"Mexico",2021-06-25,2498357,232346,5270,278,9.3,2493087,232068,1.00211384520476,1.0011979247462,484
"Mexico",2021-06-26,2503408,232521,5051,175,9.3,2498357,232346,1.00202172868009,1.00075318705723,485
"Mexico",2021-06-27,2505792,232564,2384,43,9.3,2503408,232521,1.00095230182216,1.00018492953325,486
"Mexico",2021-06-28,2507453,232608,1661,44,9.3,2505792,232564,1.00066286427605,1.00018919523228,487
"Mexico",2021-06-29,2513164,232803,5711,195,9.3,2507453,232608,1.0022776099891,1.00083832026414,488
"Mexico",2021-06-30,2519269,233047,6105,244,9.3,2513164,232803,1.00242920875836,1.00104809645924,489
"Mexico",2021-07-01,2525350,233248,6081,201,9.2,2519269,233047,1.00241379543034,1.00086248696615,490
"Mexico",2021-07-02,2531192,233428,5842,180,9.2,2525350,233248,1.00231334270497,1.00077171079709,491
"Mexico",2021-07-03,2537457,233580,6265,152,9.2,2531192,233428,1.00247511844222,1.00065116438474,492
"Mexico",2021-07-04,2540068,233622,2611,42,9.2,2537457,233580,1.00102898295419,1.00017980991523,493
"Mexico",2021-07-05,2541873,233689,1805,67,9.2,2540068,233622,1.00071061089703,1.00028678805934,494
"Mexico",2021-07-06,2549862,233958,7989,269,9.2,2541873,233689,1.0031429579684,1.00115110253371,495
"Mexico",2021-07-07,2558369,234192,8507,234,9.2,2549862,233958,1.00333625898186,1.0010001795194,496
"Mexico",2021-07-08,2567821,234458,9452,266,9.1,2558369,234192,1.00369454132692,1.00113582018173,497
"Mexico",2021-07-09,2577140,234675,9319,217,9.1,2567821,234458,1.00362914704724,1.00092553890249,498
"Mexico",2021-07-10,2586721,234907,9581,232,9.1,2577140,234675,1.00371768704843,1.00098860125706,499
"Mexico",2021-07-11,2590500,234969,3779,62,9.1,2586721,234907,1.00146092292134,1.0002639342378,500
"Mexico",2021-07-12,2593574,235058,3074,89,9.1,2590500,234969,1.00118664350511,1.0003787733701,501
"Mexico",2021-07-13,2604711,235277,11137,219,9,2593574,235058,1.00429407450877,1.00093168494584,502
"Mexico",2021-07-14,2616827,235507,12116,230,9,2604711,235277,1.00465157170987,1.0009775711183,503
"Mexico",2021-07-15,2629648,235740,12821,233,9,2616827,235507,1.0048994450149,1.00098935488117,504
"Mexico",2021-07-16,2642068,236015,12420,275,8.9,2629648,235740,1.00472306559661,1.00116653940782,505
"Mexico",2021-07-17,2654699,236240,12631,225,8.9,2642068,236015,1.00478072479588,1.00095332923755,506
"Mexico",2021-07-18,2659137,236331,4438,91,8.9,2654699,236240,1.00167175261678,1.00038520149001,507
"Mexico",2021-07-19,2664444,236469,5307,138,8.9,2659137,236331,1.00199576027862,1.00058392678066,508
"Mexico",2021-07-20,2678297,236810,13853,341,8.8,2664444,236469,1.00519920854032,1.0014420494864,509
"Mexico",2021-07-21,2693495,237207,15198,397,8.8,2678297,236810,1.00567450137158,1.00167644947426,510
"Mexico",2021-07-22,2709739,237626,16244,419,8.8,2693495,237207,1.00603082611997,1.00176638969339,511
"Mexico",2021-07-23,2709739,237626,0,0,8.8,2709739,237626,1,1,512
"Mexico",2021-07-24,2741983,238316,32244,690,8.7,2709739,237626,1.01189930100279,1.00290372265661,513
"Mexico",2021-07-25,2748518,238424,6535,108,8.7,2741983,238316,1.00238331163979,1.00045317981168,514
"Mexico",2021-07-26,2754438,238595,5920,171,8.7,2748518,238424,1.00215388802256,1.00071720967688,515
"Mexico",2021-07-27,2771846,239079,17408,484,8.6,2754438,238595,1.00631998251549,1.00202854209015,516
"Mexico",2021-07-28,2790874,239616,19028,537,8.6,2771846,239079,1.00686473923876,1.00224611948352,517
"Mexico",2021-07-29,2810097,239997,19223,381,8.5,2790874,239616,1.00688780647209,1.00159004407051,518
"Mexico",2021-07-30,2829443,240456,19346,459,8.5,2810097,239997,1.00688445986028,1.00191252390655,519
"Mexico",2021-07-31,2848252,240906,18809,450,8.5,2829443,240456,1.00664759813151,1.00187144425591,520
"Mexico",2021-08-01,2854992,241034,6740,128,8.4,2848252,240906,1.00236636365041,1.00053132757175,521
"Mexico",2021-08-02,2861498,241279,6506,245,8.4,2854992,241034,1.0022788154923,1.00101645411021,522
"Mexico",2021-08-03,2880409,241936,18911,657,8.4,2861498,241279,1.00660877624237,1.00272298873918,523
"Mexico",2021-08-04,2901094,242547,20685,611,8.4,2880409,241936,1.00718127182633,1.00252546127902,524
"Mexico",2021-08-05,2922663,243165,21569,618,8.3,2901094,242547,1.00743478149967,1.00254795977687,525
"Mexico",2021-08-06,2944226,243733,21563,568,8.3,2922663,243165,1.00737786053336,1.00233586248021,526
"Mexico",2021-08-07,2964244,244248,20018,515,8.2,2944226,243733,1.00679907045179,1.00211296787879,527
"Mexico",2021-08-08,2971817,244420,7573,172,8.2,2964244,244248,1.0025547829396,1.0007042022862,528
"Mexico",2021-08-09,2978330,244690,6513,270,8.2,2971817,244420,1.00219158851302,1.00110465592014,529
"Mexico",2021-08-10,2997885,245476,19555,786,8.2,2978330,244690,1.00656576000645,1.0032122277167,530
"Mexico",2021-08-11,3020596,246203,22711,727,8.2,2997885,245476,1.00757567418363,1.00296159298669,531
"Mexico",2021-08-12,3045571,246811,24975,608,8.1,3020596,246203,1.00826823580512,1.00246950687035,532
"Mexico",2021-08-13,3068329,247414,22758,603,8.1,3045571,246811,1.00747249038029,1.0024431650129,533
"Mexico",2021-08-14,3091971,248167,23642,753,8,3068329,247414,1.00770517112083,1.00304348177549,534
"Mexico",2021-08-15,3091971,248167,0,0,8,3091971,248167,1,1,535
"Mexico",2021-08-16,3108438,248652,16467,485,8,3091971,248167,1.0053257291223,1.00195432914126,536
"Mexico",2021-08-17,3123252,249529,14814,877,8,3108438,248652,1.00476573764701,1.00352701767933,537
"Mexico",2021-08-18,3152205,250469,28953,940,7.9,3123252,249529,1.0092701453485,1.00376709721115,538
"Mexico",2021-08-19,3175374,251305,23169,836,7.9,3152205,250469,1.00735009303012,1.00333773840276,539
"Mexico",2021-08-20,3197108,252080,21734,775,7.9,3175374,251305,1.00684454807528,1.0030839020314,540
"Mexico",2021-08-21,3217415,252927,20307,847,7.9,3197108,252080,1.00635167782884,1.00336004443034,541
"Mexico",2021-08-22,3225073,253155,7658,228,7.8,3217415,252927,1.00238017165955,1.00090144587173,542
"Mexico",2021-08-23,3231616,253526,6543,371,7.8,3225073,253155,1.00202879128627,1.00146550532283,543
"Mexico",2021-08-24,3249878,254466,18262,940,7.8,3231616,253526,1.00565104269814,1.00370770650742,544
"Mexico",2021-08-25,3271128,255452,21250,986,7.8,3249878,254466,1.00653870699146,1.00387478091376,545
"Mexico",2021-08-26,3291761,256287,20633,835,7.8,3271128,255452,1.00630761009658,1.00326871584486,546
"Mexico",2021-08-27,3311317,257150,19556,863,7.8,3291761,256287,1.00594089303567,1.00336731867008,547
"Mexico",2021-08-28,3328863,257906,17546,756,7.7,3311317,257150,1.00529879803112,1.0029399183356,548
"Mexico",2021-08-29,3335700,258165,6837,259,7.7,3328863,257906,1.00205385442417,1.00100424185556,549
"Mexico",2021-08-30,3341264,258491,5564,326,7.7,3335700,258165,1.00166801570885,1.00126275831348,550
"Mexico",2021-08-31,3352410,259326,11146,835,7.7,3341264,258491,1.003335863314,1.00323028654769,551
"Mexico",2021-09-01,3369747,260503,17337,1177,7.7,3352410,259326,1.00517150348555,1.00453868875469,552
"Mexico",2021-09-02,3387885,261496,18138,993,7.7,3369747,260503,1.00538259994,1.0038118562934,553
"Mexico",2021-09-03,3405294,262221,17409,725,7.7,3387885,261496,1.0051386041734,1.00277250894851,554
"Mexico",2021-09-04,3420880,262868,15586,647,7.7,3405294,262221,1.00457699100283,1.00246738438188,555
"Mexico",2021-09-05,3428384,263140,7504,272,7.7,3420880,262868,1.00219358761488,1.00103473986944,556
"Mexico",2021-09-06,3433511,263470,5127,330,7.7,3428384,263140,1.00149545675164,1.0012540852778,557
"Mexico",2021-09-07,3449295,264541,15784,1071,7.7,3433511,263470,1.00459704366755,1.00406497893498,558
"Mexico",2021-09-08,3465171,265420,15876,879,7.7,3449295,264541,1.00460267967802,1.00332273636223,559
"Mexico",2021-09-09,3479999,266150,14828,730,7.6,3465171,265420,1.00427915390034,1.00275035792329,560
"Mexico",2021-09-10,3479999,266150,0,0,7.6,3479999,266150,1,1,561
"Mexico",2021-09-11,3506743,267524,26744,1374,7.6,3479999,266150,1.00768505967961,1.0051625023483,562
"Mexico",2021-09-12,3511882,267748,5139,224,7.6,3506743,267524,1.0014654623963,1.0008373080546,563
"Mexico",2021-09-13,3516043,267969,4161,221,7.6,3511882,267748,1.00118483479798,1.00082540299087,564
"Mexico",2021-09-14,3528972,269016,12929,1047,7.6,3516043,267969,1.00367714501785,1.00390716836649,565
"Mexico",2021-09-15,3542189,269913,13217,897,7.6,3528972,269016,1.00374528332897,1.00333437416362,566
"Mexico",2021-09-16,3549229,270348,7040,435,7.6,3542189,269913,1.0019874715889,1.00161163041424,567
"Mexico",2021-09-17,3552983,270538,3754,190,7.6,3549229,270348,1.0010576945021,1.00070279787533,568
"Mexico",2021-09-18,3552983,270538,0,0,7.6,3552983,270538,1,1,569
"Mexico",2021-09-19,3569677,271503,16694,965,7.6,3552983,270538,1.00469858707458,1.00356696656292,570
"Mexico",2021-09-20,3573044,271765,3367,262,7.6,3569677,271503,1.00094322259409,1.00096499854514,571
"Mexico",2021-09-21,3585565,272580,12521,815,7.6,3573044,271765,1.00350429493731,1.00299891450334,572
"Mexico",2021-09-22,3597168,273391,11603,811,7.6,3585565,272580,1.00323603114154,1.00297527331426,573
"Mexico",2021-09-23,3608976,274139,11808,748,7.6,3597168,273391,1.00328258229807,1.00273600813487,574
"Mexico",2021-09-24,3619115,274703,10139,564,7.6,3608976,274139,1.00280938415772,1.00205735046819,575
"Mexico",2021-09-25,3619115,274703,0,0,7.6,3619115,274703,1,1,576
"Mexico",2021-09-26,3632800,275450,13685,747,7.6,3619115,274703,1.0037813111769,1.00271930048088,577
"Mexico",2021-09-27,3635807,275676,3007,226,7.6,3632800,275450,1.00082773618146,1.00082047558541,578
"Mexico",2021-09-28,3645599,276376,9792,700,7.6,3635807,275676,1.00269321226347,1.00253921269897,579
"Mexico",2021-09-29,3655395,276973,9796,597,7.6,3645599,276376,1.00268707556701,1.00216010073234,580
"Mexico",2021-09-30,3664223,277507,8828,534,7.6,3655395,276973,1.0024150604791,1.00192798576034,581
"Mexico",2021-10-01,3671611,277978,7388,471,7.6,3664223,277507,1.00201625283177,1.00169725448367,582
"Mexico",2021-10-02,3678980,278592,7369,614,7.6,3671611,277978,1.00200702089628,1.00220880789127,583
"Mexico",2021-10-03,3678980,278592,0,0,7.6,3678980,278592,1,1,584
"Mexico",2021-10-04,3684242,279106,5262,514,7.6,3678980,278592,1.0014302877428,1.00184499195957,585
"Mexico",2021-10-05,3684242,279106,0,0,7.6,3684242,279106,1,1,586
"Mexico",2021-10-06,3691924,279896,7682,790,7.6,3684242,279106,1.00208509647303,1.00283046584452,587
"Mexico",2021-10-07,3707234,281121,15310,1225,7.6,3691924,279896,1.00414688926424,1.0043766256038,588
"Mexico",2021-10-08,3714392,281610,7158,489,7.6,3707234,281121,1.00193081958139,1.00173946450105,589
"Mexico",2021-10-09,3714392,281610,0,0,7.6,3714392,281610,1,1,590
"Mexico",2021-10-10,3723235,282086,8843,476,7.6,3714392,281610,1.00238073956653,1.00169028088491,591
"Mexico",2021-10-11,3725242,282227,2007,141,7.6,3723235,282086,1.0005390473607,1.00049984756422,592
"Mexico",2021-10-12,3732429,282773,7187,546,7.6,3725242,282227,1.0019292706353,1.00193461291797,593
"Mexico",2021-10-13,3738749,283193,6320,420,7.6,3732429,282773,1.00169326730663,1.00148529032121,594
"Mexico",2021-10-14,3744574,283574,5825,381,7.6,3738749,283193,1.00155800777212,1.00134537223731,595
"Mexico",2021-10-15,3749860,284008,5286,434,7.6,3744574,283574,1.00141164255266,1.00153046471115,596
"Mexico",2021-10-16,3755063,284321,5203,313,7.6,3749860,284008,1.00138751846736,1.0011020816315,597
"Mexico",2021-10-17,3757056,284381,1993,60,7.6,3755063,284321,1.00053075008329,1.00021102908332,598
"Mexico",2021-10-18,3758469,284477,1413,96,7.6,3757056,284381,1.00037609234464,1.00033757529511,599
"Mexico",2021-10-19,3762689,284925,4220,448,7.6,3758469,284477,1.00112279760722,1.00157481975696,600
"Mexico",2021-10-20,3767758,285347,5069,422,7.6,3762689,284925,1.00134717485288,1.00148109151531,601
"Mexico",2021-10-21,3772556,285669,4798,322,7.6,3767758,285347,1.00127343635127,1.00112845062328,602
"Mexico",2021-10-22,3777209,285953,4653,284,7.6,3772556,285669,1.00123338129374,1.00099415757398,603
"Mexico",2021-10-23,3781661,286259,4452,306,7.6,3777209,285953,1.0011786480441,1.0010701059265,604
"Mexico",2021-10-24,3781661,286259,0,0,7.6,3781661,286259,1,1,605
"Mexico",2021-10-25,3784448,286496,2787,237,7.6,3781661,286259,1.00073697774602,1.00082792156753,606
"Mexico",2021-10-26,3784448,286496,0,0,7.6,3784448,286496,1,1,607
"Mexico",2021-10-27,3788986,286888,4538,392,7.6,3784448,286496,1.00119911807482,1.00136825645035,608
"Mexico",2021-10-28,3798286,287631,9300,743,7.6,3788986,286888,1.00245448254493,1.00258986085162,609
"Mexico",2021-10-29,3802287,287951,4001,320,7.6,3798286,287631,1.00105336986209,1.00111253654856,610
"Mexico",2021-10-30,3805765,288276,3478,325,7.6,3802287,287951,1.00091471264531,1.0011286642519,611
"Mexico",2021-10-31,3807211,288365,1446,89,7.6,3805765,288276,1.00037994989181,1.0003087319097,612
"Mexico",2021-11-01,3807211,288365,0,0,7.6,3807211,288365,1,1,613
"Mexico",2021-11-02,3808205,288464,994,99,7.6,3807211,288365,1.00026108350706,1.00034331489605,614
"Mexico",2021-11-03,3811793,288733,3588,269,7.6,3808205,288464,1.00094217616961,1.00093252537578,615
"Mexico",2021-11-04,3814453,288887,2660,154,7.6,3811793,288733,1.00069783432626,1.00053336473489,616
"Mexico",2021-11-05,3818216,289131,3763,244,7.6,3814453,288887,1.00098651104103,1.00084462090714,617
"Mexico",2021-11-06,3825404,289674,7188,543,7.6,3818216,289131,1.00188255457523,1.00187804144142,618
"Mexico",2021-11-07,3826786,289734,1382,60,7.6,3825404,289674,1.00036126903198,1.00020712939373,619
"Mexico",2021-11-08,3826786,289734,0,0,7.6,3826786,289734,1,1,620
"Mexico",2021-11-09,3831259,290110,4473,376,7.6,3826786,289734,1.00116886598833,1.00129774206686,621
"Mexico",2021-11-10,3831259,290110,0,0,7.6,3831259,290110,1,1,622
"Mexico",2021-11-11,3838308,290630,7049,520,7.6,3831259,290110,1.00183986517226,1.00179242356348,623
"Mexico",2021-11-12,3838308,290630,0,0,7.6,3838308,290630,1,1,624
"Mexico",2021-11-13,3841661,290872,3353,242,7.6,3838308,290630,1.00087356199659,1.00083267384647,625
"Mexico",2021-11-14,3844791,291089,3130,217,7.6,3841661,290872,1.0008147517441,1.00074603261916,626
"Mexico",2021-11-15,3845733,291147,942,58,7.6,3844791,291089,1.00024500681572,1.00019925177523,627
"Mexico",2021-11-16,3846508,291204,775,57,7.6,3845733,291147,1.00020152205054,1.0001957773908,628
"Mexico",2021-11-17,3851079,291573,4571,369,7.6,3846508,291204,1.00118835057668,1.00126715292372,629
"Mexico",2021-11-18,3854994,291929,3915,356,7.6,3851079,291573,1.00101659820533,1.00122096353229,630
"Mexico",2021-11-19,3854994,291929,0,0,7.6,3854994,291929,1,1,631
"Mexico",2021-11-20,3858831,292145,3837,216,7.6,3854994,291929,1.00099533228845,1.00073990593603,632
"Mexico",2021-11-21,3862137,292372,3306,227,7.6,3858831,292145,1.00085673614626,1.00077701141556,633
"Mexico",2021-11-22,3864278,292524,2141,152,7.6,3862137,292372,1.00055435630585,1.00051988562516,634
"Mexico",2021-11-23,3864278,292524,0,0,7.6,3864278,292524,1,1,635
"Mexico",2021-11-24,3867976,292850,3698,326,7.6,3864278,292524,1.00095697048711,1.00111443847342,636
"Mexico",2021-11-25,3876391,293449,8415,599,7.6,3867976,292850,1.00217555641503,1.00204541574185,637
"Mexico",2021-11-26,3879836,293614,3445,165,7.6,3876391,293449,1.00088871323868,1.00056227828345,638
"Mexico",2021-11-27,3879836,293614,0,0,7.6,3879836,293614,1,1,639
"Mexico",2021-11-28,3882792,293859,2956,245,7.6,3879836,293614,1.00076188787361,1.00083442887601,640
"Mexico",2021-11-29,3884566,293950,1774,91,7.6,3882792,293859,1.00045688772409,1.00030967232584,641
"Mexico",2021-11-30,3884566,293950,0,0,7.6,3884566,293950,1,1,642
"Mexico",2021-12-01,3891218,294428,6652,478,7.6,3884566,293950,1.00171241780935,1.00162612689233,643
"Mexico",2021-12-02,3891218,294428,0,0,7.6,3891218,294428,1,1,644
"Mexico",2021-12-03,3897452,294904,6234,476,7.6,3891218,294428,1.00160206906938,1.00161669406442,645
"Mexico",2021-12-04,3897452,294904,0,0,7.6,3897452,294904,1,1,646
"Mexico",2021-12-05,3901263,295203,3811,299,7.6,3897452,294904,1.00097781832849,1.00101388926566,647
"Mexico",2021-12-06,3902015,295313,752,110,7.6,3901263,295203,1.00019275808885,1.00037262493945,648
"Mexico",2021-12-07,3902015,295313,0,0,7.6,3902015,295313,1,1,649
"Mexico",2021-12-08,3905319,295602,3304,289,7.6,3902015,295313,1.00084674200381,1.0009786226817,650
"Mexico",2021-12-09,3911714,296188,6395,586,7.6,3905319,295602,1.00163751027765,1.00198239524766,651
"Mexico",2021-12-10,3911714,296188,0,0,7.6,3911714,296188,1,1,652
"Mexico",2021-12-11,3914706,296385,2992,197,7.6,3911714,296188,1.00076488209516,1.00066511810067,653
"Mexico",2021-12-12,3917361,296620,2655,235,7.6,3914706,296385,1.00067821185039,1.00079288762927,654
"Mexico",2021-12-13,3918216,296672,855,52,7.6,3917361,296620,1.0002182591801,1.00017530847549,655
"Mexico",2021-12-14,3918987,296721,771,49,7.6,3918216,296672,1.00019677322537,1.00016516557006,656
"Mexico",2021-12-15,3924638,297188,5651,467,7.6,3918987,296721,1.00144195426012,1.00157386905544,657
"Mexico",2021-12-16,3927265,297356,2627,168,7.6,3924638,297188,1.00066936109776,1.00056529873346,658
"Mexico",2021-12-17,3927265,297356,0,0,7.6,3927265,297356,1,1,659
"Mexico",2021-12-18,3930015,297568,2750,212,7.6,3927265,297356,1.00070023285925,1.00071295013385,660
"Mexico",2021-12-19,3932545,297835,2530,267,7.6,3930015,297568,1.0006437634462,1.00089727390042,661
"Mexico",2021-12-20,3934102,297916,1557,81,7.6,3932545,297835,1.00039592681075,1.00027196266389,662
"Mexico",2021-12-21,3934102,297916,0,0,7.6,3934102,297916,1,1,663
"Mexico",2021-12-22,3937082,298161,2980,245,7.6,3934102,297916,1.00075747908926,1.00082237946267,664
"Mexico",2021-12-23,3940401,298359,3319,198,7.6,3937082,298161,1.00084301012781,1.00066407075372,665
"Mexico",2021-12-24,3947284,298670,6883,311,7.6,3940401,298359,1.00174677653366,1.00104236842193,666
"Mexico",2021-12-25,3950200,298759,2916,89,7.6,3947284,298670,1.0007387357991,1.00029798774567,667
"Mexico",2021-12-26,3950200,298759,0,0,7.6,3950200,298759,1,1,668
"Mexico",2021-12-27,3951003,298777,803,18,7.6,3950200,298759,1.00020328084654,1.00006024923099,669
"Mexico",2021-12-28,3951946,298819,943,42,7.6,3951003,298777,1.00023867357226,1.00014057306955,670
"Mexico",2021-12-29,3956372,298944,4426,125,7.6,3951946,298819,1.00111995457428,1.00041831342719,671
"Mexico",2021-12-30,3961662,299132,5290,188,7.6,3956372,298944,1.0013370835705,1.00062888032541,672
"Mexico",2021-12-31,3979723,299428,18061,296,7.5,3961662,299132,1.00455894521037,1.00098952970595,673
"Mexico",2022-01-01,3988916,299525,9193,97,7.5,3979723,299428,1.00230995976353,1.00032395099991,674
"Mexico",2022-01-02,3990587,299544,1671,19,7.5,3988916,299525,1.00041891080183,1.00006343377014,675
"Mexico",2022-01-03,3993464,299581,2877,37,7.5,3990587,299544,1.00072094656751,1.00012352108538,676
"Mexico",2022-01-04,4008648,299711,15184,130,7.5,3993464,299581,1.00380221281574,1.00043393940203,677
"Mexico",2022-01-05,4029274,299842,20626,131,7.4,4008648,299711,1.00514537569774,1.00043708772784,678
"Mexico",2022-01-06,4055095,299970,25821,128,7.4,4029274,299842,1.00640835048696,1.00042689149619,679
"Mexico",2022-01-07,4083118,300101,28023,131,7.3,4055095,299970,1.00691056559711,1.0004367103377,680
"Mexico",2022-01-08,4113789,300303,30671,202,7.3,4083118,300101,1.00751166143129,1.00067310672074,681
"Mexico",2022-01-09,4125388,300334,11599,31,7.3,4113789,300303,1.00281954178982,1.00010322907197,682
"Mexico",2022-01-10,4125388,300334,0,0,7.3,4125388,300334,1,1,683
"Mexico",2022-01-11,4170066,300574,44678,240,7.2,4125388,300334,1.01083001162557,1.00079911032384,684
"Mexico",2022-01-12,4214253,300764,44187,190,7.1,4170066,300574,1.0105962351675,1.00063212386966,685
"Mexico",2022-01-13,4257776,300912,43523,148,7.1,4214253,300764,1.01032757169539,1.00049208016917,686
"Mexico",2022-01-14,4257776,300912,0,0,7.1,4257776,300912,1,1,687
"Mexico",2022-01-15,4349182,301334,91406,422,6.9,4257776,300912,1.02146801522673,1.00140240336045,688
"Mexico",2022-01-16,4368314,301410,19132,76,6.9,4349182,301334,1.00439898813156,1.00025221183139,689
"Mexico",2022-01-17,4385415,301469,17101,59,6.9,4368314,301410,1.00391478268275,1.00019574665738,690
"Mexico",2022-01-18,4385415,301469,0,0,6.9,4385415,301469,1,1,691
"Mexico",2022-01-19,4495310,302112,109895,643,6.7,4385415,301469,1.02505920192274,1.00213288928547,692
"Mexico",2022-01-20,4495310,302112,0,0,6.7,4495310,302112,1,1,693
"Mexico",2022-01-21,4595589,302721,100279,609,6.6,4495310,302112,1.02230747156481,1.0020158087067,694
"Mexico",2022-01-22,4595589,302721,0,0,6.6,4595589,302721,1,1,695
"Mexico",2022-01-23,4667829,303183,72240,462,6.5,4595589,302721,1.01571942138429,1.00152615774921,696
"Mexico",2022-01-24,4685767,303301,17938,118,6.5,4667829,303183,1.00384289998627,1.00038920388016,697
"Mexico",2022-01-25,4730669,303776,44902,475,6.4,4685767,303301,1.00958263609778,1.00156610100197,698
"Mexico",2022-01-26,4730669,303776,0,0,6.4,4730669,303776,1,1,699
"Mexico",2022-01-27,4779296,304308,48627,532,6.4,4730669,303776,1.0102790958319,1.00175129042452,700
"Mexico",2022-01-28,4873561,305240,94265,932,6.3,4779296,304308,1.01972361619787,1.00306268648869,701
"Mexico",2022-01-29,4916143,305762,42582,522,6.2,4873561,305240,1.00873734831676,1.00171012973398,702
"Mexico",2022-01-30,4930069,305893,13926,131,6.2,4916143,305762,1.00283270848712,1.00042843780457,703
"Mexico",2022-01-31,4942590,306091,12521,198,6.2,4930069,305893,1.0025397210465,1.0006472851618,704
"Mexico",2022-02-01,4985689,306920,43099,829,6.2,4942590,306091,1.00871992214608,1.00270834490397,705
"Mexico",2022-02-02,4985689,306920,0,0,6.2,4985689,306920,1,1,706
"Mexico",2022-02-03,5027870,307493,42181,573,6.1,4985689,306920,1.00846041540096,1.00186693600938,707
"Mexico",2022-02-04,5106048,308829,78178,1336,6,5027870,307493,1.01554893026272,1.0043448143535,708
"Mexico",2022-02-05,5141291,309417,35243,588,6,5106048,308829,1.00690220695144,1.0019039662726,709
"Mexico",2022-02-06,5151525,309546,10234,129,6,5141291,309417,1.0019905506224,1.00041691309786,710
"Mexico",2022-02-07,5160767,309752,9242,206,6,5151525,309546,1.00179403186435,1.00066549075097,711
"Mexico",2022-02-08,5167110,309884,6343,132,6,5160767,309752,1.00122908087112,1.00042614736951,712
"Mexico",2022-02-09,5192008,310627,24898,743,6,5167110,309884,1.00481855427889,1.00239767138671,713
